<?xml version="1.0" encoding="utf-8"?>
<game xmlns:xsd="http://www.w3.org/2001/XMLSchema" xmlns:xsi="http://www.w3.org/2001/XMLSchema-instance">
  <palette>
    <color bank="0" index="2" r="24" g="24" b="104" />
    <color bank="0" index="3" r="39" g="39" b="145" />
    <color bank="0" index="4" r="65" g="65" b="178" />
    <color bank="0" index="5" r="82" g="82" b="188" />
    <color bank="0" index="6" r="96" g="96" b="192" />
    <color bank="0" index="7" r="128" g="128" b="224" />
    <color bank="0" index="8" r="128" g="0" b="0" />
    <color bank="0" index="9" r="181" g="64" b="25" />
    <color bank="0" index="10" r="213" g="97" b="29" />
    <color bank="0" index="11" r="224" g="128" b="0" />
    <color bank="0" index="12" r="237" g="154" b="0" />
    <color bank="0" index="13" r="252" g="180" b="0" />
    <color bank="0" index="14" r="96" g="0" b="32" />
    <color bank="0" index="15" r="152" g="0" b="48" />
    <color bank="0" index="16" r="192" g="0" b="32" />
    <color bank="0" index="17" r="217" g="39" b="76" />
    <color bank="0" index="18" r="224" g="64" b="96" />
    <color bank="0" index="19" r="240" g="128" b="136" />
    <color bank="0" index="20" r="128" g="16" b="92" />
    <color bank="0" index="21" r="176" g="56" b="144" />
    <color bank="0" index="22" r="224" g="80" b="200" />
    <color bank="0" index="23" r="244" g="112" b="236" />
    <color bank="0" index="24" r="252" g="156" b="240" />
    <color bank="0" index="25" r="252" g="188" b="228" />
    <color bank="0" index="26" r="40" g="32" b="40" />
    <color bank="0" index="27" r="56" g="48" b="64" />
    <color bank="0" index="28" r="72" g="72" b="104" />
    <color bank="0" index="29" r="88" g="112" b="144" />
    <color bank="0" index="30" r="128" g="160" b="176" />
    <color bank="0" index="31" r="152" g="192" b="200" />
    <color bank="0" index="32" r="176" g="208" b="208" />
    <color bank="0" index="33" r="192" g="224" b="224" />
    <color bank="0" index="34" r="224" g="224" b="224" />
    <color bank="0" index="35" r="240" g="240" b="240" />
    <color bank="0" index="36" r="64" g="0" b="0" />
    <color bank="0" index="37" r="96" g="0" b="0" />
    <color bank="0" index="38" r="144" g="0" b="16" />
    <color bank="0" index="39" r="192" g="0" b="16" />
    <color bank="0" index="40" r="224" g="0" b="0" />
    <color bank="0" index="41" r="136" g="56" b="0" />
    <color bank="0" index="42" r="184" g="104" b="0" />
    <color bank="0" index="43" r="240" g="176" b="0" />
    <color bank="0" index="44" r="240" g="216" b="0" />
    <color bank="0" index="45" r="240" g="240" b="0" />
    <color bank="0" index="46" r="192" g="104" b="48" />
    <color bank="0" index="47" r="224" g="144" b="96" />
    <color bank="0" index="48" r="240" g="176" b="144" />
    <color bank="0" index="49" r="240" g="208" b="192" />
    <color bank="0" index="50" r="8" g="88" b="0" />
    <color bank="0" index="51" r="0" g="128" b="0" />
    <color bank="0" index="52" r="0" g="200" b="0" />
    <color bank="0" index="53" r="100" g="236" b="0" />
    <color bank="0" index="54" r="176" g="48" b="0" />
    <color bank="0" index="55" r="224" g="96" b="0" />
    <color bank="0" index="56" r="224" g="160" b="0" />
    <color bank="0" index="57" r="224" g="192" b="0" />
    <color bank="0" index="58" r="0" g="0" b="128" />
    <color bank="0" index="59" r="0" g="56" b="192" />
    <color bank="0" index="60" r="0" g="104" b="240" />
    <color bank="0" index="61" r="24" g="136" b="240" />
    <color bank="0" index="62" r="48" g="160" b="240" />
    <color bank="0" index="63" r="104" g="208" b="240" />
    <color bank="0" index="64" r="160" g="224" b="224" />
    <color bank="0" index="65" r="255" g="0" b="255" />
    <color bank="0" index="66" r="255" g="0" b="255" />
    <color bank="0" index="67" r="255" g="0" b="255" />
    <color bank="0" index="68" r="255" g="0" b="255" />
    <color bank="0" index="69" r="255" g="0" b="255" />
    <color bank="0" index="70" r="255" g="0" b="255" />
    <color bank="0" index="71" r="255" g="0" b="255" />
    <color bank="0" index="72" r="255" g="0" b="255" />
    <color bank="0" index="73" r="255" g="0" b="255" />
    <color bank="0" index="74" r="255" g="0" b="255" />
    <color bank="0" index="75" r="255" g="0" b="255" />
    <color bank="0" index="76" r="255" g="0" b="255" />
    <color bank="0" index="77" r="255" g="0" b="255" />
    <color bank="0" index="78" r="255" g="0" b="255" />
    <color bank="0" index="79" r="255" g="0" b="255" />
    <color bank="0" index="80" r="255" g="0" b="255" />
    <color bank="0" index="81" r="255" g="0" b="255" />
    <color bank="0" index="82" r="255" g="0" b="255" />
    <color bank="0" index="83" r="255" g="0" b="255" />
    <color bank="0" index="84" r="255" g="0" b="255" />
    <color bank="0" index="85" r="255" g="0" b="255" />
    <color bank="0" index="86" r="255" g="0" b="255" />
    <color bank="0" index="87" r="255" g="0" b="255" />
    <color bank="0" index="88" r="255" g="0" b="255" />
    <color bank="0" index="89" r="255" g="0" b="255" />
    <color bank="0" index="90" r="255" g="0" b="255" />
    <color bank="0" index="91" r="255" g="0" b="255" />
  </palette>
  <objects>
    <object name="Monitor Shard" script="Global/MonitorShard.txt" forceLoad="false" />
    <object name="Animal Prison Part" script="Global/AnimalPrisonPart.txt" forceLoad="false" />
    <object name="Hammer" script="Global/Hammer.txt" forceLoad="false" />
  </objects>
  <variables />
  <sounds />
  <players />
  <presentationStages />
  <regularStages />
  <specialStages />
  <bonusStages />
</game>